<?xml version="1.0" encoding="UTF-8"?>
<!DOCTYPE pdf2xml SYSTEM "pdf2xml.dtd">

<pdf2xml producer="poppler" version="0.41.0">
<page number="17" position="absolute" top="0" left="0" height="1261" width="1699">
	<fontspec id="0" size="15" family="Times" color="#333333"/>
	<fontspec id="1" size="13" family="Times" color="#333333"/>
	<fontspec id="2" size="11" family="Times" color="#333333"/>
	<fontspec id="3" size="10" family="Helvetica" color="#333333"/>
	<fontspec id="4" size="12" family="Times" color="#333333"/>
	<fontspec id="5" size="11" family="Times" color="#464646"/>
	<fontspec id="6" size="11" family="Times" color="#000000"/>
	<fontspec id="7" size="9" family="Times" color="#333333"/>
	<fontspec id="8" size="9" family="Helvetica" color="#333333"/>
	<fontspec id="9" size="8" family="Helvetica" color="#333333"/>
	<fontspec id="10" size="10" family="Times" color="#333333"/>
	<fontspec id="11" size="10" family="Times" color="#333333"/>
	<fontspec id="12" size="10" family="Helvetica" color="#333333"/>
<text top="80" left="86" width="135" height="16" font="0"><b>Grundschulen </b></text>
<text top="75" left="440" width="5" height="14" font="1">-</text>
<text top="75" left="461" width="37" height="14" font="1">42  -</text>
<text top="180" left="99" width="81" height="13" font="2">Schulmmner/ </text>
<text top="185" left="215" width="101" height="13" font="2">Name,  Anschrift </text>
<text top="193" left="487" width="107" height="15" font="2">amt.  Schulleiter </text>
<text top="196" left="595" width="10" height="11" font="3"><i>1 </i></text>
<text top="198" left="628" width="34" height="13" font="2">Tele· </text>
<text top="200" left="98" width="101" height="13" font="2">ICurzbezeichnung </text>
<text top="213" left="486" width="126" height="14" font="2">amt.  Stellvertreter </text>
<text top="217" left="627" width="27" height="13" font="2">fon· </text>
<text top="237" left="626" width="41" height="13" font="2">nt.IIJller </text>
<text top="258" left="92" width="41" height="13" font="2">101576 </text>
<text top="263" left="209" width="95" height="13" font="2">6.  Grundschule </text>
<text top="273" left="483" width="79" height="13" font="2">Herr  Lawrenz </text>
<text top="277" left="624" width="42" height="13" font="2">03332/ </text>
<text top="277" left="91" width="14" height="13" font="2">G </text>
<text top="283" left="208" width="142" height="16" font="2">Dr.-W.-ICülz-Viertel  2 </text>
<text top="292" left="482" width="74" height="13" font="2">Herr  lüthke </text>
<text top="296" left="624" width="35" height="13" font="2">32209 </text>
<text top="302" left="208" width="107" height="13" font="2">0  - 1330  Schwedt </text>
<text top="336" left="90" width="41" height="13" font="2">101588 </text>
<text top="340" left="207" width="15" height="13" font="4"><i>7. </i></text>
<text top="340" left="227" width="75" height="13" font="2">Grundschule </text>
<text top="349" left="480" width="72" height="13" font="2">Frau  Sorrmer </text>
<text top="354" left="622" width="41" height="13" font="2">03332/ </text>
<text top="354" left="88" width="14" height="13" font="2">G </text>
<text top="359" left="206" width="88" height="13" font="2">Goethering  12 </text>
<text top="369" left="479" width="106" height="13" font="2">Frau  Rosentreter </text>
<text top="373" left="620" width="34" height="13" font="2">32401 </text>
<text top="379" left="205" width="107" height="13" font="2">0  - 1330  Schwedt </text>
<text top="412" left="87" width="41" height="13" font="2">101590 </text>
<text top="417" left="204" width="95" height="13" font="2">8.  Grundschule </text>
<text top="426" left="477" width="79" height="13" font="2">Herr  Schmidt </text>
<text top="430" left="619" width="42" height="13" font="2">03332/ </text>
<text top="431" left="86" width="14" height="13" font="2">G </text>
<text top="437" left="204" width="199" height="16" font="2">Heinrich-von·Kleist-Straße  1  a </text>
<text top="445" left="477" width="79" height="13" font="2">Frau  Glaeske </text>
<text top="449" left="618" width="36" height="13" font="2">32508 </text>
<text top="456" left="203" width="107" height="13" font="2">0  - 1330  Schwedt </text>
<text top="489" left="84" width="41" height="13" font="2">103007 </text>
<text top="494" left="201" width="126" height="13" font="2">Grundschule  Warnitz </text>
<text top="503" left="474" width="73" height="13" font="2">Herr  Ruhnau </text>
<text top="507" left="616" width="48" height="13" font="2">039863/ </text>
<text top="508" left="83" width="14" height="13" font="2">G </text>
<text top="513" left="201" width="94" height="13" font="2">Schulstraße  10 </text>
<text top="523" left="474" width="80" height="13" font="2">Frau  Fengler </text>
<text top="526" left="615" width="23" height="13" font="2">426 </text>
<text top="533" left="199" width="108" height="13" font="2">0  - 2131  Warnitz </text>
<text top="566" left="82" width="41" height="13" font="2">103020 </text>
<text top="571" left="198" width="121" height="13" font="2">Goethe-Grundschule </text>
<text top="580" left="472" width="91" height="13" font="2">Frau  Bent&gt;ennek </text>
<text top="585" left="613" width="48" height="13" font="2">039851/ </text>
<text top="585" left="81" width="14" height="13" font="2">G </text>
<text top="590" left="197" width="88" height="13" font="2">Dorfstraße  18 </text>
<text top="600" left="470" width="85" height="13" font="2">Herr  Wisatzki </text>
<text top="603" left="612" width="22" height="13" font="2">258 </text>
<text top="609" left="196" width="101" height="13" font="2">0  - 2131  Göritz </text>
<text top="643" left="79" width="41" height="13" font="2">103032 </text>
<text top="649" left="195" width="133" height="13" font="2">Grundschule  Gollmitz </text>
<text top="657" left="468" width="66" height="13" font="2">Herr  Mante </text>
<text top="661" left="610" width="48" height="13" font="2">039852/ </text>
<text top="662" left="77" width="14" height="13" font="2">G </text>
<text top="667" left="195" width="90" height="13" font="2">Schulstraße  1 </text>
<text top="676" left="468" width="79" height="13" font="2">Frau  Metzger </text>
<text top="680" left="609" width="22" height="13" font="2">433 </text>
<text top="687" left="193" width="114" height="13" font="2">0- 2131  Gollmitz </text>
<text top="721" left="75" width="41" height="13" font="2">103044 </text>
<text top="727" left="192" width="166" height="13" font="2">Grundschule  Fürstenwerder </text>
<text top="734" left="465" width="67" height="13" font="2">Herr  Giese </text>
<text top="739" left="607" width="48" height="13" font="2">039859/ </text>
<text top="740" left="74" width="14" height="13" font="2">G </text>
<text top="746" left="191" width="173" height="13" font="2">Ernst-Thälmann-Straße  34  e </text>
<text top="754" left="465" width="58" height="13" font="2">Frau  Regt </text>
<text top="754" left="523" width="15" height="13" font="5">in </text>
<text top="758" left="607" width="21" height="13" font="2">244 </text>
<text top="765" left="191" width="147" height="13" font="2">0  - 2131  Fürstenwerder </text>
<text top="798" left="72" width="41" height="13" font="2">103056 </text>
<text top="802" left="189" width="75" height="13" font="2">Grundschule </text>
<text top="811" left="463" width="58" height="13" font="2">Frau  Karl </text>
<text top="816" left="604" width="48" height="13" font="2">039852/ </text>
<text top="816" left="71" width="14" height="13" font="2">G </text>
<text top="821" left="188" width="88" height="13" font="2">Dorfstraße  50 </text>
<text top="830" left="462" width="65" height="13" font="2">Frau  Weber </text>
<text top="835" left="603" width="21" height="13" font="2">235 </text>
<text top="841" left="187" width="115" height="13" font="2">0  - 2131  Arendsee </text>
<text top="875" left="69" width="41" height="13" font="2">103068 </text>
<text top="880" left="186" width="148" height="13" font="2">Diesterweg-Grundschule </text>
<text top="888" left="460" width="85" height="13" font="2">Frau  Gehrmann </text>
<text top="893" left="601" width="42" height="13" font="2">03984/ </text>
<text top="894" left="68" width="14" height="13" font="2">G </text>
<text top="898" left="185" width="89" height="13" font="2">Am  Steintor  5 </text>
<text top="907" left="459" width="72" height="13" font="2">Frau  Hobohm </text>
<text top="912" left="600" width="28" height="13" font="2">2313 </text>
<text top="918" left="185" width="116" height="13" font="2">0  - 2130  Prenzlau </text>
<text top="952" left="66" width="41" height="13" font="2">103070 </text>
<text top="958" left="184" width="199" height="13" font="2">Geschwister-Scholl-Grundschule </text>
<text top="965" left="457" width="72" height="13" font="2">Frau  lehmus </text>
<text top="970" left="598" width="41" height="13" font="2">039841 </text>
<text top="971" left="65" width="14" height="13" font="2">G </text>
<text top="976" left="183" width="164" height="15" font="2">Ernst-Thälmann-Straße  111 </text>
<text top="984" left="456" width="66" height="13" font="2">Frau  Murlee </text>
<text top="989" left="598" width="29" height="13" font="2">2370 </text>
<text top="996" left="182" width="116" height="13" font="2">0  - 2130  Prenzlau </text>
<text top="1029" left="64" width="39" height="13" font="2">103081 </text>
<text top="1035" left="181" width="219" height="13" font="2">Grundschule  3  - Pestalozzi-Schule </text>
<text top="1035" left="403" width="5" height="13" font="6">-</text>
<text top="1042" left="454" width="92" height="13" font="2">Herr  Wesenberg </text>
<text top="1046" left="596" width="41" height="13" font="2">03984/ </text>
<text top="1049" left="63" width="11" height="10" font="7">G </text>
<text top="1052" left="180" width="126" height="13" font="2">Pestalozzistraße  44 </text>
<text top="1061" left="453" width="73" height="13" font="2">Frau  Schote </text>
<text top="1065" left="595" width="28" height="13" font="2">2224 </text>
<text top="1072" left="179" width="115" height="13" font="2">0  - 2130  Prenzlau </text>
<text top="201" left="698" width="42" height="13" font="2">Träger </text>
<text top="202" left="744" width="7" height="11" font="3"><i>I </i></text>
<text top="203" left="782" width="62" height="13" font="2">Besondere </text>
<text top="220" left="698" width="48" height="13" font="2">Rechts· </text>
<text top="222" left="782" width="55" height="13" font="2">Hinweise </text>
<text top="215" left="900" width="81" height="13" font="2">Schulmmnerl </text>
<text top="215" left="1016" width="101" height="13" font="2">Name,  Anschrift </text>
<text top="238" left="697" width="43" height="13" font="2">status </text>
<text top="235" left="900" width="100" height="13" font="2">ICurzbezeichnung </text>
<text top="278" left="697" width="15" height="13" font="2">03 </text>
<text top="295" left="896" width="41" height="13" font="2">103093 </text>
<text top="295" left="1013" width="89" height="13" font="2">Grundschule  4 </text>
<text top="314" left="896" width="14" height="13" font="2">G </text>
<text top="314" left="1013" width="160" height="13" font="2">Am  Robert·Schulz-Ring  58 </text>
<text top="334" left="1013" width="10" height="13" font="2">o </text>
<text top="334" left="1027" width="5" height="13" font="5">-</text>
<text top="334" left="1040" width="88" height="13" font="2">2130  Prenzlau </text>
<text top="356" left="694" width="15" height="13" font="2">03 </text>
<text top="372" left="896" width="41" height="13" font="2">103718 </text>
<text top="372" left="1013" width="75" height="13" font="2">Grundschule </text>
<text top="391" left="895" width="14" height="13" font="2">G </text>
<text top="391" left="1013" width="115" height="13" font="2">Röddeliner  Straße </text>
<text top="410" left="1012" width="108" height="13" font="2">o- 2090  Templin </text>
<text top="432" left="691" width="15" height="13" font="2">03 </text>
<text top="451" left="691" width="10" height="13" font="2">1 </text>
<text top="449" left="896" width="41" height="13" font="2">103720 </text>
<text top="449" left="1013" width="133" height="13" font="2">Lindenschule  Templin </text>
<text top="469" left="895" width="14" height="13" font="2">G </text>
<text top="468" left="1013" width="118" height="13" font="2">lychener  Straße  65 </text>
<text top="487" left="1012" width="108" height="13" font="2">o- 2090  Templin </text>
<text top="510" left="688" width="15" height="13" font="2">06 </text>
<text top="513" left="775" width="49" height="13" font="2">Filiale </text>
<text top="529" left="688" width="10" height="13" font="2">1 </text>
<text top="526" left="895" width="39" height="13" font="2">103731 </text>
<text top="526" left="1013" width="153" height="13" font="2">Grundschute  Ringenwalde </text>
<text top="546" left="895" width="14" height="13" font="2">G </text>
<text top="546" left="1012" width="88" height="13" font="2">Dorfstraße  19 </text>
<text top="565" left="1012" width="133" height="13" font="2">0  .  2091  Ringenwalde </text>
<text top="587" left="685" width="15" height="13" font="2">06 </text>
<text top="606" left="685" width="10" height="13" font="5">1 </text>
<text top="603" left="895" width="41" height="13" font="2">103743 </text>
<text top="603" left="1012" width="120" height="13" font="2">Grundschule  Warthe </text>
<text top="624" left="895" width="12" height="10" font="8">G </text>
<text top="622" left="1012" width="102" height="13" font="2">Dorfstraße  9/10 </text>
<text top="642" left="1011" width="101" height="13" font="2">o  - 2091  Warthe </text>
<text top="664" left="682" width="15" height="13" font="2">06 </text>
<text top="681" left="895" width="40" height="13" font="2">103755 </text>
<text top="681" left="1012" width="159" height="13" font="2">Grundschule  Hammelspring </text>
<text top="700" left="894" width="14" height="13" font="2">G </text>
<text top="700" left="1012" width="127" height="13" font="2">Templiner  Straße  37 </text>
<text top="719" left="1011" width="140" height="13" font="2">0  .  2091  Hammelspring </text>
<text top="741" left="680" width="15" height="13" font="2">06 </text>
<text top="760" left="680" width="10" height="13" font="2">1 </text>
<text top="758" left="895" width="41" height="13" font="2">103767 </text>
<text top="758" left="1012" width="75" height="13" font="2">Grundschule </text>
<text top="777" left="894" width="14" height="13" font="2">G </text>
<text top="777" left="1011" width="88" height="13" font="2">Dorfstraße  16 </text>
<text top="797" left="1011" width="134" height="13" font="2">0  •  2091  Mittenwalde </text>
<text top="818" left="677" width="15" height="13" font="2">06 </text>
<text top="835" left="894" width="41" height="13" font="2">1o3n9 </text>
<text top="835" left="1011" width="75" height="13" font="2">Grundschule </text>
<text top="854" left="894" width="14" height="13" font="2">G </text>
<text top="854" left="1011" width="95" height="13" font="2">Pannwitz-Allee </text>
<text top="874" left="1011" width="101" height="13" font="2">o  - 2093  Lychen </text>
<text top="895" left="673" width="16" height="13" font="2">06 </text>
<text top="899" left="760" width="49" height="13" font="2">Filiale </text>
<text top="912" left="895" width="40" height="13" font="2">105740 </text>
<text top="912" left="1011" width="90" height="13" font="2">Grundschule  1 </text>
<text top="931" left="894" width="14" height="13" font="2">G </text>
<text top="931" left="1012" width="127" height="13" font="2">Fischerstraße  15116 </text>
<text top="951" left="1011" width="127" height="13" font="2">0  .  1320  Angermünde </text>
<text top="972" left="671" width="15" height="13" font="2">06 </text>
<text top="989" left="895" width="40" height="13" font="2">105855 </text>
<text top="989" left="1011" width="133" height="13" font="2">Grundschule  Hetzdorf </text>
<text top="1009" left="894" width="11" height="10" font="9">G </text>
<text top="1009" left="1010" width="83" height="13" font="2">Dorfstraße  4 </text>
<text top="1027" left="1010" width="114" height="13" font="2">o  .  2151  Hetzdorf </text>
<text top="1048" left="668" width="15" height="13" font="2">06 </text>
<text top="1065" left="895" width="40" height="13" font="2">105867 </text>
<text top="1066" left="1011" width="133" height="13" font="2">Grundschule  Werbelew </text>
<text top="1085" left="894" width="12" height="11" font="10">G </text>
<text top="1086" left="1010" width="88" height="13" font="2">Dorfstraße  33 </text>
<text top="1105" left="1010" width="114" height="13" font="2">o  - 2151  Werbelew </text>
<text top="94" left="1239" width="5" height="14" font="1">-</text>
<text top="94" left="1260" width="38" height="14" font="1">43  -</text>
<text top="216" left="1288" width="107" height="13" font="2">amt.  Schulleiter </text>
<text top="216" left="1397" width="7" height="12" font="3"><i>I </i></text>
<text top="235" left="1287" width="127" height="13" font="2">amt.  Stellvertreter </text>
<text top="295" left="1287" width="80" height="13" font="2">Frau  Dederky </text>
<text top="314" left="1287" width="66" height="13" font="2">Frau  Quade </text>
<text top="372" left="1286" width="86" height="13" font="2">Frau  Delander </text>
<text top="391" left="1287" width="86" height="13" font="2">Frau  Benzmann </text>
<text top="449" left="1286" width="67" height="13" font="2">Frau  Liebe </text>
<text top="468" left="1286" width="73" height="13" font="2">Herr  Werner </text>
<text top="526" left="1286" width="59" height="13" font="2">Herr  Weiß </text>
<text top="546" left="1286" width="86" height="13" font="2">Frau  Hohlbein </text>
<text top="603" left="1285" width="73" height="13" font="2">Herr  Hobohm </text>
<text top="622" left="1286" width="74" height="13" font="2">Frau  Collin </text>
<text top="681" left="1286" width="85" height="13" font="2">Frau  Buchmann </text>
<text top="700" left="1285" width="73" height="13" font="2">Herr  Walter </text>
<text top="758" left="1285" width="73" height="13" font="2">Frau  Eisner </text>
<text top="777" left="1285" width="98" height="13" font="2">Frau  von  Ziemer </text>
<text top="835" left="1285" width="53" height="13" font="2">Frau  Süß </text>
<text top="854" left="1285" width="66" height="13" font="2">Frau  Drews </text>
<text top="912" left="1284" width="81" height="13" font="2">Herr  Breßler </text>
<text top="931" left="1284" width="59" height="13" font="2">Frau  Kauk </text>
<text top="989" left="1284" width="73" height="13" font="2">Frau  Müller </text>
<text top="1008" left="1284" width="65" height="13" font="2">Frau  Meyer </text>
<text top="1066" left="1284" width="79" height="13" font="2">Frau  Neumann </text>
<text top="1085" left="1284" width="85" height="13" font="2">Frau  Herrmann </text>
<text top="215" left="1429" width="35" height="13" font="2">Tele· </text>
<text top="235" left="1429" width="27" height="13" font="2">fon· </text>
<text top="254" left="1429" width="41" height="13" font="2">m.mner </text>
<text top="295" left="1429" width="41" height="13" font="2">039841 </text>
<text top="314" left="1428" width="28" height="13" font="2">2189 </text>
<text top="372" left="1428" width="41" height="13" font="2">03987/ </text>
<text top="391" left="1428" width="28" height="13" font="2">6282 </text>
<text top="450" left="1428" width="41" height="11" font="11"><i>039871 </i></text>
<text top="468" left="1427" width="28" height="13" font="2">6872 </text>
<text top="526" left="1428" width="48" height="13" font="2">039881/ </text>
<text top="546" left="1428" width="21" height="13" font="2">234 </text>
<text top="603" left="1427" width="48" height="13" font="2">039885/ </text>
<text top="622" left="1427" width="28" height="13" font="2">2245 </text>
<text top="681" left="1427" width="41" height="13" font="2">03987/ </text>
<text top="700" left="1427" width="26" height="13" font="2">2021 </text>
<text top="758" left="1427" width="48" height="13" font="2">039884/ </text>
<text top="777" left="1427" width="28" height="13" font="2">1534 </text>
<text top="836" left="1426" width="48" height="11" font="11"><i>0398881 </i></text>
<text top="854" left="1426" width="22" height="13" font="2">434 </text>
<text top="913" left="1426" width="41" height="13" font="2">033311 </text>
<text top="931" left="1425" width="36" height="13" font="2">32506 </text>
<text top="990" left="1426" width="48" height="13" font="2">0397451 </text>
<text top="1009" left="1426" width="20" height="13" font="2">261 </text>
<text top="1066" left="1425" width="47" height="13" font="2">0397401 </text>
<text top="1086" left="1425" width="22" height="13" font="2">415 </text>
<text top="109" left="1526" width="136" height="16" font="0"><b>Grundschulen </b></text>
<text top="215" left="1499" width="42" height="13" font="2">Träger </text>
<text top="216" left="1545" width="7" height="12" font="3"><i>I </i></text>
<text top="235" left="1499" width="48" height="13" font="2">Rechts· </text>
<text top="254" left="1499" width="43" height="13" font="2">status </text>
<text top="295" left="1500" width="16" height="13" font="2">06 </text>
<text top="315" left="1501" width="11" height="12" font="12">1 </text>
<text top="372" left="1500" width="16" height="13" font="2">06 </text>
<text top="449" left="1500" width="15" height="13" font="2">06 </text>
<text top="526" left="1500" width="15" height="13" font="2">06 </text>
<text top="546" left="1500" width="10" height="13" font="5">1 </text>
<text top="603" left="1499" width="15" height="13" font="2">06 </text>
<text top="681" left="1499" width="15" height="13" font="2">06 </text>
<text top="758" left="1499" width="15" height="13" font="2">06 </text>
<text top="835" left="1499" width="15" height="13" font="2">06 </text>
<text top="854" left="1499" width="10" height="13" font="2">1 </text>
<text top="913" left="1498" width="15" height="13" font="2">06 </text>
<text top="990" left="1498" width="16" height="13" font="2">06 </text>
<text top="1066" left="1497" width="15" height="13" font="2">06 </text>
<text top="215" left="1584" width="62" height="13" font="2">Besondere </text>
<text top="234" left="1584" width="55" height="13" font="2">Hinweise </text>
<text top="294" left="1587" width="37" height="13" font="2">Filial</text>
<text top="294" left="1626" width="10" height="13" font="6">e </text>
</page>
<page number="18" position="absolute" top="0" left="0" height="1261" width="1699">
	<fontspec id="13" size="15" family="Times" color="#343434"/>
	<fontspec id="14" size="15" family="Times" color="#484848"/>
	<fontspec id="15" size="15" family="Times" color="#343434"/>
	<fontspec id="16" size="11" family="Times" color="#343434"/>
	<fontspec id="17" size="10" family="Helvetica" color="#343434"/>
	<fontspec id="18" size="11" family="Helvetica" color="#343434"/>
	<fontspec id="19" size="10" family="Times" color="#343434"/>
	<fontspec id="20" size="11" family="Times" color="#232323"/>
	<fontspec id="21" size="10" family="Times" color="#343434"/>
<text top="87" left="409" width="59" height="16" font="13">- 44  -</text>
<text top="100" left="56" width="135" height="16" font="14"><b>Grundschulen </b></text>
<text top="91" left="1235" width="6" height="16" font="13">-</text>
<text top="91" left="1257" width="38" height="16" font="13">45  -</text>
<text top="107" left="1523" width="137" height="16" font="15"><b>Grundschulen </b></text>
<text top="143" left="880" width="213" height="16" font="15"><b>Landkreis  Bavelland </b></text>
<text top="161" left="880" width="363" height="16" font="13">ehemals  Kreise  Nauen  und  Rathenow </text>
<text top="201" left="71" width="81" height="13" font="16">Schulmmner/ </text>
<text top="203" left="187" width="101" height="13" font="16">Name,  Anschrift </text>
<text top="206" left="459" width="107" height="13" font="16">amt.  Schulleiter </text>
<text top="208" left="568" width="7" height="11" font="17"><i>I </i></text>
<text top="208" left="600" width="30" height="13" font="16">Tele-</text>
<text top="209" left="671" width="42" height="13" font="16">Träger </text>
<text top="209" left="717" width="7" height="12" font="18"><i>I </i></text>
<text top="209" left="755" width="62" height="13" font="16">Besondere </text>
<text top="220" left="70" width="101" height="13" font="16">Kurzbezeichnung </text>
<text top="226" left="459" width="126" height="13" font="16">amt.  Stellvertreter </text>
<text top="227" left="600" width="27" height="13" font="16">fon· </text>
<text top="228" left="670" width="44" height="13" font="16">Rechts-</text>
<text top="228" left="755" width="55" height="13" font="16">Hinweise </text>
<text top="209" left="896" width="81" height="13" font="16">Schulnl.lllllerl </text>
<text top="210" left="1013" width="101" height="13" font="16">Name,  Anschrift </text>
<text top="210" left="1284" width="107" height="13" font="16">amt.  Schulleiter </text>
<text top="210" left="1394" width="7" height="12" font="17"><i>I </i></text>
<text top="210" left="1425" width="31" height="13" font="16">Tele-</text>
<text top="209" left="1496" width="42" height="13" font="16">Träger </text>
<text top="210" left="1542" width="7" height="12" font="17"><i>I </i></text>
<text top="209" left="1580" width="62" height="13" font="16">Besondere </text>
<text top="228" left="896" width="101" height="13" font="16">Kurzbezeichnung </text>
<text top="229" left="1284" width="127" height="13" font="16">amt.  Stellvertreter </text>
<text top="229" left="1425" width="24" height="13" font="16">fon-</text>
<text top="228" left="1496" width="44" height="13" font="16">Rechts-</text>
<text top="228" left="1581" width="55" height="13" font="16">Hinweise </text>
<text top="246" left="599" width="40" height="13" font="16">n1.11111er </text>
<text top="247" left="670" width="44" height="13" font="16">status </text>
<text top="248" left="1425" width="41" height="13" font="16">n1.11111er </text>
<text top="248" left="1496" width="43" height="13" font="16">status </text>
<text top="280" left="66" width="41" height="13" font="16">110413 </text>
<text top="282" left="184" width="148" height="13" font="16">Pestalozzi-Grundschule </text>
<text top="285" left="457" width="60" height="13" font="16">Herr  Zill </text>
<text top="287" left="599" width="48" height="13" font="16">033334/ </text>
<text top="287" left="671" width="15" height="13" font="16">06 </text>
<text top="289" left="892" width="41" height="13" font="16">103536 </text>
<text top="289" left="1010" width="179" height="13" font="16">Grundschule  &#34;A.  Diesterweg&#34; </text>
<text top="289" left="1283" width="60" height="13" font="16">Herr  Bahr </text>
<text top="289" left="1425" width="41" height="13" font="16">03322/ </text>
<text top="289" left="1497" width="15" height="13" font="16">06 </text>
<text top="299" left="65" width="14" height="13" font="16">G </text>
<text top="300" left="183" width="83" height="13" font="16">Burgstraße  5 </text>
<text top="305" left="457" width="66" height="13" font="16">Frau  Pauls </text>
<text top="306" left="599" width="22" height="13" font="16">227 </text>
<text top="308" left="892" width="14" height="13" font="16">G </text>
<text top="308" left="1010" width="113" height="13" font="16">Hertzstraße  19-25 </text>
<text top="308" left="1283" width="80" height="13" font="16">Frau  Hasford </text>
<text top="308" left="1424" width="29" height="13" font="16">3706 </text>
<text top="320" left="183" width="141" height="13" font="16">0  •  1321  Greiffenberg </text>
<text top="326" left="1009" width="121" height="13" font="16">0  - 1540  Falkensee </text>
<text top="356" left="65" width="42" height="13" font="16">110437 </text>
<text top="358" left="182" width="75" height="13" font="16">Grundschule </text>
<text top="362" left="456" width="73" height="13" font="16">Frau  Beting </text>
<text top="363" left="598" width="48" height="13" font="16">033331/ </text>
<text top="364" left="670" width="15" height="13" font="16">06 </text>
<text top="365" left="892" width="41" height="13" font="16">103548 </text>
<text top="365" left="1010" width="113" height="13" font="16">Grundschule  &#34;DSF&#34; </text>
<text top="365" left="1283" width="73" height="13" font="16">Herr  Dohnke </text>
<text top="365" left="1424" width="42" height="13" font="16">03321/ </text>
<text top="364" left="1497" width="15" height="13" font="16">06 </text>
<text top="364" left="1584" width="48" height="13" font="16">FiLiaLe </text>
<text top="376" left="64" width="14" height="13" font="16">G </text>
<text top="377" left="182" width="129" height="13" font="16">Straße  der  Jugend  2 </text>
<text top="382" left="597" width="21" height="13" font="16">491 </text>
<text top="385" left="892" width="14" height="13" font="16">G </text>
<text top="384" left="1010" width="108" height="13" font="16">Straße  der  DSF  3 </text>
<text top="384" left="1283" width="72" height="13" font="16">Frau  MülLer </text>
<text top="384" left="1424" width="36" height="13" font="16">32612 </text>
<text top="384" left="1497" width="10" height="13" font="16">1 </text>
<text top="397" left="181" width="108" height="13" font="16">0  - 1321  Casekow </text>
<text top="404" left="1009" width="94" height="13" font="16">0  - 1550  Nauen </text>
<text top="434" left="64" width="41" height="13" font="16">111843 </text>
<text top="436" left="181" width="75" height="13" font="16">Grundschule </text>
<text top="439" left="455" width="66" height="13" font="16">Frau  Griem </text>
<text top="441" left="596" width="48" height="13" font="16">039862/ </text>
<text top="442" left="668" width="16" height="13" font="16">06 </text>
<text top="443" left="755" width="49" height="13" font="16">Filiale </text>
<text top="443" left="892" width="41" height="13" font="16">103550 </text>
<text top="443" left="1009" width="166" height="13" font="16">Wilhelm-Pieck-Grundschule </text>
<text top="442" left="1282" width="79" height="13" font="16">Herr  Schmidt </text>
<text top="442" left="1424" width="41" height="13" font="16">033211 </text>
<text top="443" left="1496" width="15" height="13" font="16">06 </text>
<text top="442" left="1583" width="49" height="13" font="16">Filiale </text>
<text top="453" left="63" width="14" height="13" font="16">G </text>
<text top="455" left="180" width="88" height="13" font="16">Dorfstraße  42 </text>
<text top="458" left="455" width="79" height="13" font="16">Frl.  Alseher </text>
<text top="460" left="596" width="29" height="13" font="16">2016 </text>
<text top="462" left="892" width="14" height="13" font="16">G </text>
<text top="462" left="1009" width="108" height="13" font="16">Straße  der  DSF  3 </text>
<text top="462" left="1282" width="66" height="13" font="16">Frau  Fuchs </text>
<text top="462" left="1424" width="35" height="13" font="16">32613 </text>
<text top="474" left="180" width="115" height="13" font="16">0  - 2131  Schmölln </text>
<text top="481" left="1009" width="94" height="13" font="16">0  - 1550  Nauen </text>
<text top="511" left="63" width="41" height="13" font="16">112197 </text>
<text top="513" left="180" width="99" height="13" font="16">Grundschule  111 </text>
<text top="516" left="454" width="60" height="13" font="16">Frau  Pilz </text>
<text top="519" left="595" width="41" height="11" font="19"><i>039671 </i></text>
<text top="519" left="668" width="15" height="13" font="16">06 </text>
<text top="520" left="892" width="39" height="13" font="16">103561 </text>
<text top="520" left="1009" width="224" height="13" font="16">Rosa-Luxemburg-Grundschule  Dallgow </text>
<text top="520" left="1282" width="67" height="13" font="16">Herr  Stell </text>
<text top="520" left="1424" width="41" height="13" font="16">033221 </text>
<text top="520" left="1496" width="15" height="13" font="16">06 </text>
<text top="520" left="1583" width="49" height="13" font="16">Filiale </text>
<text top="530" left="62" width="14" height="13" font="16">G </text>
<text top="532" left="180" width="159" height="14" font="16">Rosa-Luxemburg-Straße  18 </text>
<text top="535" left="453" width="86" height="13" font="16">Herr  Reinbote </text>
<text top="537" left="595" width="28" height="13" font="16">5485 </text>
<text top="540" left="892" width="14" height="13" font="16">G </text>
<text top="539" left="1009" width="94" height="13" font="16">Wi  lmsstraße  56 </text>
<text top="539" left="1282" width="54" height="13" font="16">Herr  Sue </text>
<text top="539" left="1424" width="27" height="13" font="16">3521 </text>
<text top="551" left="179" width="108" height="13" font="16">0- 2090  Templin </text>
<text top="558" left="1009" width="107" height="13" font="16">0- 1543  Dallgow </text>
<text top="597" left="892" width="41" height="13" font="16">103573 </text>
<text top="597" left="1009" width="120" height="13" font="16">Grundschule  Wachow </text>
<text top="597" left="1282" width="80" height="13" font="16">Herr  Leopold </text>
<text top="597" left="1424" width="48" height="13" font="20">0332391 </text>
<text top="597" left="1496" width="15" height="13" font="16">06 </text>
<text top="597" left="1582" width="49" height="13" font="16">Filiale </text>
<text top="618" left="891" width="12" height="11" font="21">G </text>
<text top="616" left="1008" width="94" height="13" font="16">Schulstraße  10 </text>
<text top="616" left="1423" width="23" height="13" font="16">317 </text>
<text top="636" left="1008" width="100" height="13" font="16">0  - 1551  Wachow </text>
<text top="674" left="891" width="40" height="13" font="16">103585 </text>
<text top="674" left="1008" width="153" height="13" font="16">Grundschule  Paulinenaue </text>
<text top="674" left="1282" width="86" height="13" font="16">Frau  Bachmann </text>
<text top="674" left="1423" width="48" height="13" font="20">0332371 </text>
<text top="674" left="1496" width="15" height="13" font="16">06 </text>
<text top="674" left="1582" width="49" height="13" font="16">Filiale </text>
<text top="694" left="891" width="14" height="13" font="16">G </text>
<text top="694" left="1008" width="102" height="13" font="16">Bahnhofstraße  6 </text>
<text top="693" left="1282" width="67" height="13" font="16">Herr  Frost </text>
<text top="694" left="1424" width="22" height="13" font="20">228 </text>
<text top="713" left="1008" width="135" height="13" font="16">0- 1551  Paulinenaue </text>
<text top="752" left="891" width="41" height="13" font="16">103597 </text>
<text top="751" left="1008" width="146" height="13" font="16">Grundschule  Wustermark </text>
<text top="751" left="1282" width="86" height="13" font="16">Frau  SchiLler </text>
<text top="751" left="1423" width="48" height="13" font="16">0332341 </text>
<text top="751" left="1496" width="15" height="13" font="16">08 </text>
<text top="771" left="891" width="14" height="13" font="16">G </text>
<text top="771" left="1009" width="121" height="13" font="16">Hamburger  Straße  8 </text>
<text top="771" left="1282" width="66" height="13" font="16">Frau  Apitz </text>
<text top="771" left="1423" width="22" height="13" font="16">242 </text>
<text top="790" left="1008" width="127" height="13" font="16">0  - 1551  Wustermark </text>
<text top="829" left="891" width="40" height="13" font="16">103603 </text>
<text top="829" left="1008" width="120" height="13" font="16">Grundschule  Senzke </text>
<text top="829" left="1282" width="52" height="13" font="16">Frau  Rus </text>
<text top="829" left="1423" width="48" height="13" font="16">0332381 </text>
<text top="829" left="1495" width="16" height="13" font="16">06 </text>
<text top="849" left="891" width="12" height="11" font="21">G </text>
<text top="848" left="1008" width="86" height="13" font="16">Dorfstraße  21 </text>
<text top="848" left="1281" width="66" height="13" font="16">Herr  Thiel </text>
<text top="848" left="1423" width="22" height="13" font="16">224 </text>
<text top="867" left="1007" width="102" height="13" font="16">0  - 1551  Senzke </text>
<text top="906" left="891" width="40" height="13" font="16">103615 </text>
<text top="906" left="1008" width="146" height="13" font="16">Grundschule  Schönwalde </text>
<text top="906" left="1281" width="60" height="13" font="16">Herr  Rose </text>
<text top="906" left="1423" width="41" height="13" font="16">03322/ </text>
<text top="907" left="1495" width="15" height="13" font="16">06 </text>
<text top="925" left="891" width="14" height="13" font="16">G </text>
<text top="925" left="1008" width="87" height="13" font="16">Sachsenweg  24 </text>
<text top="925" left="1281" width="72" height="13" font="16">Herr  Weimer </text>
<text top="925" left="1422" width="29" height="13" font="16">3624 </text>
<text top="944" left="1007" width="127" height="13" font="16">0  - 1545  Schönwalde </text>
<text top="982" left="891" width="41" height="13" font="16">103627 </text>
<text top="983" left="1008" width="141" height="13" font="16">Grundschule  Perwenitz </text>
<text top="982" left="1281" width="73" height="13" font="16">Frau  Düring </text>
<text top="983" left="1423" width="47" height="13" font="16">0332311 </text>
<text top="983" left="1495" width="15" height="13" font="16">06 </text>
<text top="1001" left="891" width="14" height="13" font="16">G </text>
<text top="1002" left="1008" width="88" height="13" font="16">Turmstraße  87 </text>
<text top="1001" left="1280" width="73" height="13" font="16">Herr  Zinnow </text>
<text top="1002" left="1422" width="22" height="13" font="16">246 </text>
<text top="1002" left="1495" width="10" height="13" font="16">1 </text>
<text top="1021" left="1007" width="121" height="13" font="16">0  - 1551  Perwenitz </text>
<text top="1059" left="891" width="40" height="13" font="16">103639 </text>
<text top="1060" left="1008" width="153" height="13" font="16">K.-Kollwitz-Grundschule </text>
<text top="1060" left="1280" width="67" height="13" font="16">Herr  Ramin </text>
<text top="1060" left="1422" width="41" height="13" font="16">033211 </text>
<text top="1060" left="1494" width="15" height="13" font="16">06 </text>
<text top="1078" left="891" width="14" height="13" font="16">G </text>
<text top="1079" left="1007" width="142" height="13" font="16">Martin-Luther-Platz  2 </text>
<text top="1079" left="1280" width="86" height="13" font="16">Frau  Schönner </text>
<text top="1079" left="1422" width="36" height="13" font="16">32232 </text>
<text top="1099" left="1007" width="94" height="13" font="16">0  - 1550  Nauen </text>
</page>
<page number="19" position="absolute" top="0" left="0" height="1261" width="1699">
	<fontspec id="22" size="14" family="Times" color="#313131"/>
	<fontspec id="23" size="13" family="Helvetica" color="#313131"/>
	<fontspec id="24" size="15" family="Times" color="#313131"/>
	<fontspec id="25" size="11" family="Times" color="#313131"/>
	<fontspec id="26" size="10" family="Helvetica" color="#313131"/>
	<fontspec id="27" size="11" family="Times" color="#5e5e5e"/>
	<fontspec id="28" size="12" family="Times" color="#313131"/>
<text top="86" left="404" width="6" height="15" font="22">-</text>
<text top="86" left="425" width="38" height="15" font="22">46  -</text>
<text top="89" left="1239" width="5" height="14" font="23">-</text>
<text top="89" left="1260" width="38" height="14" font="23">47  -</text>
<text top="104" left="51" width="136" height="16" font="24"><b>Grundschulen </b></text>
<text top="104" left="1526" width="137" height="16" font="24"><b>Grundschulen </b></text>
<text top="205" left="67" width="81" height="13" font="25">Schulm.mnerl </text>
<text top="205" left="183" width="101" height="13" font="25">Name,  Anschrift </text>
<text top="205" left="455" width="107" height="13" font="25">amt.  Schulleiter </text>
<text top="205" left="564" width="7" height="12" font="26"><i>I </i></text>
<text top="205" left="596" width="31" height="13" font="25">Tele-</text>
<text top="204" left="667" width="42" height="13" font="25">Träger </text>
<text top="205" left="713" width="7" height="12" font="26"><i>I </i></text>
<text top="204" left="751" width="63" height="13" font="25">Besondere </text>
<text top="211" left="899" width="81" height="13" font="25">Schulm.mnerl </text>
<text top="211" left="1016" width="101" height="13" font="25">Name,  Anschrift </text>
<text top="212" left="1288" width="107" height="13" font="25">amt.  Schulleiter </text>
<text top="212" left="1397" width="7" height="12" font="26"><i>I </i></text>
<text top="211" left="1429" width="31" height="13" font="25">Tele-</text>
<text top="211" left="1500" width="42" height="13" font="25">Träger </text>
<text top="212" left="1545" width="7" height="12" font="26"><i>I </i></text>
<text top="211" left="1584" width="62" height="13" font="25">Besondere </text>
<text top="224" left="67" width="101" height="13" font="25">Kurzbezeichnung </text>
<text top="224" left="455" width="127" height="13" font="25">amt.  Stellvertreter </text>
<text top="224" left="596" width="23" height="13" font="25">fon-</text>
<text top="224" left="667" width="44" height="13" font="25">Rechts-</text>
<text top="223" left="752" width="55" height="13" font="25">Hinweise </text>
<text top="231" left="899" width="101" height="13" font="25">Kurzbezeichnung </text>
<text top="231" left="1287" width="127" height="13" font="25">amt.  Stellvertreter </text>
<text top="231" left="1429" width="23" height="13" font="25">fon-</text>
<text top="231" left="1499" width="44" height="13" font="25">Rechts-</text>
<text top="230" left="1584" width="55" height="13" font="25">Hinweise </text>
<text top="243" left="596" width="41" height="13" font="25">mmner </text>
<text top="243" left="667" width="43" height="13" font="25">status </text>
<text top="250" left="1429" width="41" height="13" font="25">m.mner </text>
<text top="250" left="1499" width="44" height="13" font="25">status </text>
<text top="283" left="64" width="41" height="13" font="25">103640 </text>
<text top="283" left="181" width="121" height="13" font="25">Grundschule  Ketzin </text>
<text top="284" left="454" width="86" height="13" font="25">Frau  Dittrich </text>
<text top="284" left="596" width="48" height="13" font="25">0332331 </text>
<text top="283" left="668" width="15" height="13" font="25">06 </text>
<text top="283" left="755" width="10" height="13" font="25">Fi</text>
<text top="283" left="768" width="4" height="13" font="27">l</text>
<text top="283" left="775" width="29" height="13" font="25">iale </text>
<text top="290" left="896" width="39" height="13" font="25">105181 </text>
<text top="290" left="1013" width="185" height="13" font="25">3.  Grundschule  &#34;Am  Weinberg&#34; </text>
<text top="290" left="1286" width="74" height="13" font="25">Herr  llgner </text>
<text top="290" left="1428" width="41" height="13" font="25">033851 </text>
<text top="289" left="1500" width="16" height="13" font="25">06 </text>
<text top="303" left="63" width="14" height="13" font="25">G </text>
<text top="303" left="180" width="107" height="13" font="25">W.·Pieck-Ring  20 </text>
<text top="303" left="454" width="72" height="13" font="25">Frau  Ganzer </text>
<text top="303" left="596" width="21" height="13" font="25">224 </text>
<text top="309" left="895" width="14" height="13" font="25">G </text>
<text top="309" left="1013" width="83" height="13" font="25">Schulplatz  3 </text>
<text top="309" left="1287" width="81" height="13" font="25">Herr  Stieger </text>
<text top="309" left="1428" width="28" height="13" font="25">2262 </text>
<text top="309" left="1501" width="10" height="13" font="25">1 </text>
<text top="322" left="181" width="102" height="13" font="25">0  - 1554  Ketzin </text>
<text top="328" left="1013" width="114" height="13" font="25">0  - 1830  Rathenow </text>
<text top="361" left="64" width="41" height="13" font="25">103652 </text>
<text top="360" left="181" width="160" height="13" font="25">Grundschule  Groß  Behni tz </text>
<text top="361" left="454" width="66" height="13" font="25">Herr  Kunis </text>
<text top="361" left="596" width="47" height="13" font="25">0332391 </text>
<text top="360" left="668" width="15" height="13" font="25">06 </text>
<text top="368" left="896" width="41" height="13" font="25">105193 </text>
<text top="368" left="1013" width="231" height="13" font="25">4.  Grundschule  &#34;Geschwister  Scholl&#34; </text>
<text top="367" left="1286" width="66" height="13" font="25">Herr  Kurth </text>
<text top="368" left="1428" width="41" height="13" font="25">033851 </text>
<text top="367" left="1500" width="15" height="13" font="25">06 </text>
<text top="380" left="63" width="14" height="13" font="25">G </text>
<text top="379" left="181" width="88" height="13" font="25">Dorfstraße  68 </text>
<text top="379" left="595" width="22" height="13" font="25">355 </text>
<text top="388" left="895" width="14" height="13" font="25">G </text>
<text top="387" left="1013" width="166" height="13" font="25">Geschwister-Scholl-Straße </text>
<text top="387" left="1182" width="11" height="13" font="28"><i>7 </i></text>
<text top="387" left="1196" width="10" height="13" font="25">a </text>
<text top="386" left="1287" width="60" height="13" font="25">Frau  Feld </text>
<text top="386" left="1428" width="28" height="13" font="25">2105 </text>
<text top="398" left="180" width="141" height="13" font="25">0  - 1551  Groß  Behnitz </text>
<text top="406" left="1013" width="114" height="13" font="25">0  - 1830  Rathenow </text>
<text top="438" left="64" width="41" height="13" font="25">103664 </text>
<text top="438" left="181" width="139" height="13" font="25">Grundschule  &#34;1.  Kant&#34; </text>
<text top="437" left="454" width="86" height="13" font="25">Herr  Heinrich </text>
<text top="438" left="596" width="41" height="13" font="25">033221 </text>
<text top="437" left="668" width="15" height="13" font="25">06 </text>
<text top="445" left="896" width="41" height="13" font="25">105200 </text>
<text top="445" left="1013" width="147" height="13" font="25">Grundschule  &#34;Altstadt&#34; </text>
<text top="445" left="1286" width="73" height="13" font="25">Herr  Mantau </text>
<text top="445" left="1428" width="41" height="13" font="25">033851 </text>
<text top="445" left="1500" width="15" height="13" font="25">06 </text>
<text top="457" left="63" width="14" height="13" font="25">G </text>
<text top="457" left="181" width="88" height="13" font="25">Kantstraße  37 </text>
<text top="457" left="454" width="78" height="13" font="25">Frau  Ne1.111ann </text>
<text top="457" left="595" width="29" height="13" font="25">3936 </text>
<text top="465" left="895" width="14" height="13" font="25">G </text>
<text top="465" left="1013" width="76" height="13" font="25">Baustraße  5 </text>
<text top="464" left="1286" width="79" height="13" font="25">Frau  Schmidt </text>
<text top="464" left="1428" width="28" height="13" font="25">2324 </text>
<text top="476" left="180" width="121" height="13" font="25">0  - 1540  Falkensee </text>
<text top="483" left="1013" width="114" height="13" font="25">0  - 1831  Rathenow </text>
<text top="515" left="63" width="41" height="13" font="25">103676 </text>
<text top="515" left="180" width="198" height="13" font="25">Grundschule  &#34;Friedrich  Engels&#34; </text>
<text top="515" left="454" width="65" height="13" font="25">Frau  Dames </text>
<text top="515" left="595" width="41" height="13" font="25">033221 </text>
<text top="515" left="668" width="16" height="13" font="25">06 </text>
<text top="522" left="895" width="39" height="13" font="25">105211 </text>
<text top="522" left="1012" width="95" height="13" font="25">5.  Grundschule </text>
<text top="521" left="1286" width="73" height="13" font="25">Herr  Goldan </text>
<text top="521" left="1428" width="41" height="13" font="25">033851 </text>
<text top="521" left="1500" width="15" height="13" font="25">06 </text>
<text top="534" left="63" width="14" height="13" font="25">G </text>
<text top="534" left="180" width="134" height="13" font="25">Rathenaustraße  35-37 </text>
<text top="534" left="454" width="78" height="13" font="25">Frau  Schmidt </text>
<text top="534" left="595" width="29" height="13" font="25">3753 </text>
<text top="542" left="895" width="14" height="13" font="25">G </text>
<text top="541" left="1013" width="167" height="13" font="25">Pfarrer-Fröhlich-Straße  9 </text>
<text top="541" left="1286" width="85" height="13" font="25">Frau  Herrmann </text>
<text top="541" left="1428" width="26" height="13" font="25">2961 </text>
<text top="541" left="1500" width="10" height="13" font="25">1 </text>
<text top="553" left="180" width="121" height="13" font="25">0  - 1540  Falkensee </text>
<text top="560" left="1012" width="114" height="13" font="25">0  - 1830  Rathenow </text>
<text top="591" left="63" width="41" height="13" font="25">103688 </text>
<text top="591" left="180" width="127" height="13" font="25">Lessing-Grundschule </text>
<text top="591" left="454" width="80" height="13" font="25">Frau  Sielaff </text>
<text top="591" left="595" width="41" height="13" font="25">033221 </text>
<text top="591" left="667" width="15" height="13" font="25">06 </text>
<text top="600" left="895" width="41" height="13" font="25">105223 </text>
<text top="599" left="1012" width="172" height="13" font="25">Grundschule  &#34;Am  Dachsberg&#34; </text>
<text top="599" left="1285" width="73" height="13" font="25">Herr  Warnke </text>
<text top="599" left="1428" width="41" height="13" font="25">033861 </text>
<text top="599" left="1500" width="15" height="13" font="25">06 </text>
<text top="611" left="63" width="14" height="13" font="25">G </text>
<text top="610" left="180" width="102" height="13" font="25">Waldstraße  27  a </text>
<text top="610" left="453" width="60" height="13" font="25">Herr  Dürr </text>
<text top="610" left="595" width="29" height="13" font="25">3759 </text>
<text top="619" left="895" width="14" height="13" font="25">G </text>
<text top="619" left="1012" width="126" height="13" font="25">Karl-Marx-Straße  15 </text>
<text top="618" left="1286" width="60" height="13" font="25">Frau  Seiß </text>
<text top="618" left="1428" width="28" height="13" font="25">2023 </text>
<text top="619" left="1500" width="10" height="13" font="25">1 </text>
<text top="629" left="179" width="193" height="13" font="25">0  - 1542  Falkensee-Finkenkrug </text>
<text top="638" left="1012" width="114" height="13" font="25">0  - 2832  Premnitz </text>
<text top="669" left="63" width="41" height="13" font="25">103690 </text>
<text top="668" left="180" width="153" height="13" font="25">Grundschule  am  Gutspark </text>
<text top="668" left="454" width="79" height="13" font="25">Frau  Elsholz </text>
<text top="668" left="595" width="41" height="13" font="25">03322/ </text>
<text top="668" left="667" width="15" height="13" font="25">06 </text>
<text top="677" left="895" width="40" height="13" font="25">105235 </text>
<text top="677" left="1012" width="211" height="13" font="25">Grundschule  &#34;Geschwister  Scholl&#34; </text>
<text top="677" left="1285" width="80" height="13" font="25">Herr  Schäfer </text>
<text top="677" left="1428" width="41" height="13" font="25">03386/ </text>
<text top="677" left="1500" width="15" height="13" font="25">06 </text>
<text top="688" left="63" width="14" height="13" font="25">G </text>
<text top="688" left="180" width="89" height="13" font="25">Am  Gutspark  5 </text>
<text top="687" left="453" width="92" height="13" font="25">Herr  Hegenbart </text>
<text top="688" left="595" width="29" height="13" font="25">3353 </text>
<text top="688" left="668" width="10" height="13" font="25">1 </text>
<text top="696" left="894" width="14" height="13" font="25">G </text>
<text top="696" left="1013" width="93" height="13" font="25">Hauptstraße  24 </text>
<text top="696" left="1286" width="74" height="13" font="25">Frau  Kolrep </text>
<text top="696" left="1428" width="26" height="13" font="25">2061 </text>
<text top="707" left="179" width="121" height="13" font="25">0  - 1540  Falkensee </text>
<text top="715" left="1011" width="115" height="13" font="25">0  - 1832  Premnitz </text>
<text top="747" left="63" width="41" height="13" font="25">103706 </text>
<text top="746" left="180" width="147" height="13" font="25">Grundschule  Brieselang </text>
<text top="746" left="453" width="85" height="13" font="25">Frau  Hoffmann </text>
<text top="746" left="595" width="48" height="13" font="25">033232/ </text>
<text top="746" left="667" width="16" height="13" font="25">06 </text>
<text top="754" left="895" width="41" height="13" font="25">105247 </text>
<text top="754" left="1012" width="113" height="13" font="25">Grundschule  Milow </text>
<text top="753" left="1285" width="86" height="13" font="25">Herr  Schubert </text>
<text top="753" left="1427" width="41" height="13" font="25">03386/ </text>
<text top="754" left="1499" width="15" height="13" font="25">06 </text>
<text top="767" left="62" width="14" height="13" font="25">G </text>
<text top="766" left="179" width="102" height="13" font="25">Am  Schulplatz  5 </text>
<text top="766" left="453" width="66" height="13" font="25">Frau  Nieke </text>
<text top="766" left="595" width="28" height="13" font="25">1410 </text>
<text top="773" left="894" width="14" height="13" font="25">G </text>
<text top="773" left="1012" width="101" height="13" font="25">Forststraße  2  a </text>
<text top="773" left="1285" width="84" height="13" font="25">Frau  Henschel </text>
<text top="773" left="1427" width="29" height="13" font="25">2027 </text>
<text top="773" left="1499" width="10" height="13" font="25">1 </text>
<text top="785" left="179" width="128" height="13" font="25">0  - 1552  Brieselang </text>
<text top="793" left="1011" width="94" height="13" font="25">0  - 1831  Mi  low </text>
<text top="823" left="62" width="41" height="13" font="25">105156 </text>
<text top="822" left="179" width="180" height="13" font="25">Kooperationsschule  Friesack </text>
<text top="822" left="452" width="73" height="13" font="25">Herr  Scholz </text>
<text top="823" left="594" width="48" height="13" font="25">0332351 </text>
<text top="823" left="667" width="15" height="13" font="25">06 </text>
<text top="831" left="894" width="41" height="13" font="25">105259 </text>
<text top="831" left="1011" width="101" height="13" font="25">Grundschule-Süd </text>
<text top="831" left="1285" width="60" height="13" font="25">Frau  Hahn </text>
<text top="831" left="1427" width="42" height="13" font="25">03386/ </text>
<text top="831" left="1499" width="16" height="13" font="25">06 </text>
<text top="843" left="62" width="14" height="13" font="25">G </text>
<text top="842" left="179" width="61" height="13" font="25">Sonnenweg </text>
<text top="842" left="453" width="58" height="13" font="25">Frau  Koch </text>
<text top="842" left="595" width="28" height="13" font="25">1492 </text>
<text top="843" left="667" width="10" height="13" font="25">1 </text>
<text top="851" left="894" width="14" height="13" font="25">G </text>
<text top="850" left="1011" width="77" height="13" font="25">Mühlenweg  1 </text>
<text top="850" left="1285" width="86" height="13" font="25">Frau  Hoffmann </text>
<text top="850" left="1426" width="21" height="13" font="25">301 </text>
<text top="850" left="1499" width="10" height="13" font="25">1 </text>
<text top="861" left="179" width="115" height="13" font="25">0  - 1553  Friesack </text>
<text top="870" left="1011" width="114" height="13" font="25">0  - 1832  Premnitz </text>
<text top="901" left="62" width="41" height="13" font="25">105168 </text>
<text top="900" left="180" width="178" height="13" font="25">1.  Grundschule  Rathenow-Ost </text>
<text top="900" left="452" width="85" height="13" font="25">Frau  Holweger </text>
<text top="900" left="594" width="41" height="13" font="25">03385/ </text>
<text top="901" left="667" width="15" height="13" font="25">06 </text>
<text top="908" left="894" width="41" height="13" font="25">105260 </text>
<text top="908" left="1011" width="192" height="13" font="25">Grundschule  &#34;Otto  Lilienthal&#34; </text>
<text top="908" left="1284" width="59" height="13" font="25">Herr  Rall </text>
<text top="908" left="1427" width="47" height="13" font="25">033875/ </text>
<text top="908" left="1498" width="16" height="13" font="25">06 </text>
<text top="920" left="62" width="14" height="13" font="25">G </text>
<text top="919" left="179" width="121" height="13" font="25">Bruno-Baum-Ring  27 </text>
<text top="919" left="453" width="73" height="13" font="25">Frau  Sachse </text>
<text top="919" left="594" width="28" height="13" font="25">4113 </text>
<text top="927" left="894" width="14" height="13" font="25">G </text>
<text top="927" left="1012" width="96" height="13" font="25">Lindenstraße  1 </text>
<text top="926" left="1285" width="67" height="13" font="25">Frau  Götze </text>
<text top="927" left="1427" width="21" height="13" font="25">223 </text>
<text top="938" left="178" width="115" height="13" font="25">0  - 1830  Rathenow </text>
<text top="946" left="1011" width="102" height="13" font="25">0  - 1833  Rhinow </text>
<text top="978" left="62" width="41" height="13" font="25">105170 </text>
<text top="977" left="179" width="249" height="13" font="25">2.  Grundschule  &#34;Friedrich  Ludwig  Jahn&#34; </text>
<text top="976" left="452" width="59" height="13" font="25">Frau  Wolf </text>
<text top="977" left="594" width="41" height="13" font="25">03385/ </text>
<text top="978" left="666" width="16" height="13" font="25">06 </text>
<text top="985" left="895" width="40" height="13" font="25">105272 </text>
<text top="985" left="1011" width="75" height="13" font="25">Grundschule </text>
<text top="985" left="1284" width="60" height="13" font="25">Herr  Sahr </text>
<text top="985" left="1426" width="48" height="13" font="25">033873/ </text>
<text top="985" left="1498" width="15" height="13" font="25">06 </text>
<text top="997" left="61" width="14" height="13" font="25">G </text>
<text top="996" left="180" width="87" height="13" font="25">Jahnstraße  33 </text>
<text top="996" left="452" width="59" height="13" font="25">Herr  Gens </text>
<text top="996" left="594" width="28" height="13" font="25">2182 </text>
<text top="1004" left="895" width="14" height="13" font="25">G </text>
<text top="1005" left="1011" width="83" height="13" font="25">Parkstraße  5 </text>
<text top="1004" left="1285" width="72" height="13" font="25">Frau  Krüger </text>
<text top="1004" left="1426" width="22" height="13" font="25">238 </text>
<text top="1015" left="178" width="114" height="13" font="25">0  - 1830  Rathenow </text>
<text top="1024" left="1011" width="133" height="13" font="25">0  - 1831  Großwudicke </text>
<text top="1061" left="895" width="40" height="13" font="25">105284 </text>
<text top="1063" left="1011" width="146" height="13" font="25">Grundschule  Nennhausen </text>
<text top="1062" left="1285" width="92" height="13" font="25">Frau  Liebrecht </text>
<text top="1062" left="1426" width="48" height="13" font="25">033878/ </text>
<text top="1063" left="1498" width="15" height="13" font="25">06 </text>
<text top="1081" left="895" width="14" height="13" font="25">G </text>
<text top="1082" left="1012" width="101" height="13" font="25">Fontanestraße  2 </text>
<text top="1082" left="1284" width="79" height="13" font="25">Frau  Schmidt </text>
<text top="1081" left="1426" width="22" height="13" font="25">227 </text>
<text top="1101" left="1011" width="127" height="13" font="25">0  - 1831  Nennhausen </text>
</page>
</pdf2xml>
